,time,pos_x,pos_y,vel_x
0,94435179668745,35.004191075759,314.750202193065,5.0
