,time,pos_x,pos_y,vel_x
0,94435179668745,-25.80799639814,314.750202193325,5.0
